,commenters
0,SteffenRoe
1,marcodelmoral
2,beckernick
3,pretzelpy
4,maulberto3
5,sklam
6,dlasusa
7,ManuGraiph
8,FelixGonzalez42
9,stevemarin
10,jrhemstad
11,M00NSH0T
12,bdemirjian
13,niltecedu
14,shwina
15,anki-code
16,achapkowski
17,rmozart
18,karthikeyann
19,onacrame
20,yutiansut
21,eidalex
22,kkraus14
23,grv1207
24,harrism
25,hcho3
26,vyasr
27,PointKernel
28,GregoryKimball
29,teju85
30,lmeyerov
31,brandon-b-miller
32,quasiben
33,wence-
34,jakirkham
35,mrocklin
36,OlivierNV
37,mjsamoht
38,cpowr
39,yidong72
40,Haidow
41,cwharris
42,felixmccuaig
43,rouniuyizu
44,rnyak
45,bdice
46,javy-kong
47,revans2
48,sameerz
49,jlowe
50,trxcllnt
51,brycelelbach
52,edwintyh
53,davidwendt
54,trevorsm7
55,github-actions
56,pentschev
57,jacobtomlinson
58,devavret
59,randerzander
60,razajafri
61,kuhushukla
62,vuule
63,miguelusque
64,jl-massey
65,galipremsagar
66,mattf
67,nvdbaranec
68,ShashaankV
69,isVoid
70,mroeschke
71,VibhuJawa
72,rjzamora
73,rgsl888prabhu
74,jangorecki
75,mythrocks
76,rafatsiddiqui9
77,kevinbird15
78,Christian8491
79,ttnghia
80,argenisleon
81,usertoroot
82,robertmaynard
83,firestarman
84,yanxiu0614
85,ChrisJar
86,ayushdg
87,pbruneau
88,bryevdv
89,charlesbluca
90,BassemKaroui
91,gmarkall
92,medAli-ai
93,res-life
94,abellina
95,etseidl
96,codereport
97,esnvidia
98,krlng
99,leofang
100,espackman-nv
101,drsxr
102,meghmak13
103,BartleyR
104,wjxiz1992
105,andygrove
106,Franc-Z
107,ZelboK
108,Touutae-lab
109,Pedrexus
110,SurajAralihalli
111,entelechie
112,divyegala
113,elstehle
114,dominicshanshan
115,titericz
116,sleeepyjack
117,dagardner-nv
118,ShahRishi
119,MikeChenfu
120,hyperbolic2346
121,mjshare
122,infzo
123,alextxu
124,trivialfis
125,upsj
126,Ankitkurani1997
127,parkerzf
128,dawilliams-nvidia
129,Ullar-Kask
130,arpan-das-astrophysics
131,seberg
132,eriknw
133,sokol11
134,lvxhnat
135,dlee992
136,madsbk
137,mmccarty
138,vaceslav
139,mlahir1
140,stucash
141,CarloNicolini
142,Rridley7
143,thomcom
144,justkrismanohar
145,mhaseeb123
146,jarmak-nv
147,gaohao95
148,LutzCle
149,Pavanmahaveer7
150,Blonck
151,adi-kmt
152,ANIKET0956
153,pmattione-nvidia
154,marcimarc1
155,MananDoshi1301
156,kolfild26
157,lidavidm
158,tx2002
159,paulsbrookes
160,Vortexx2
161,loewenm
162,notwopr
163,zeroshade
164,bkietz
165,paleolimbot
166,jpivarski
167,martindurant
168,Matt711
169,imusa007
170,MarcoGorelli
171,er-eis
172,amanlai
173,blue-cat-whale
174,nurmanmus
175,gm3g11
176,srinivasyadav18
177,raybellwaves
178,reinzler
179,pmixer
180,tgujar
181,betatim
182,shriramch
183,Rhett-Ying
184,NVnavkumar
185,shrshi
186,lithomas1
