,author.login
0,stephenmm
1,jrhemstad
2,andrewseidl
3,mrocklin
4,mjsamoht
5,yidong72
6,beckernick
9,quasiben
10,chinmaychandak
11,xhkong
12,ayushdg
14,jlowe
15,jangorecki
16,davidwendt
17,miguelusque
18,OlivierNV
19,rwlee
21,taureandyernv
22,kuhushukla
23,trevorsm7
25,daxiongshu
26,galipremsagar
28,richardulrich
29,lmeyerov
31,rnyak
32,razajafri
36,mlahir1
39,vivanov10
42,jdye64
43,brandon-b-miller
44,alecgunny
45,shwina
47,nasiha0
52,calebwin
54,VibhuJawa
56,Salonijain27
58,cwharris
61,karthikeyann
62,devavret
63,bryevdv
65,ShashaankV
66,rgsl888prabhu
68,aroraakshit
73,isVoid
76,paulhendricks
77,drabastomek
80,revans2
85,vuule
87,abellina
88,marlenezw
89,liuyangc1
91,sperlingxx
96,mk1102
100,codereport
101,ogreen
102,hlinsen
105,mythrocks
107,wmalpica
110,ttnghia
119,kidman99
120,randerzander
124,vyasr
126,magnatelee
129,usertoroot
130,Nicholas-7
136,robertmaynard
139,firestarman
140,MikeChenfu
142,shaneding
146,TravisHester
147,ChrisJar
153,pbruneau
155,nvdbaranec
158,charlesbluca
159,BassemKaroui
162,Kkrishnaa
164,Nyrio
167,aerdem4
171,Iroy30
187,esnvidia
192,wjxiz1992
193,krlng
197,mayankanand007
211,jakirkham
212,bdice
213,res-life
215,andygrove
222,rlratzel
223,guedes-joaofelipe
244,sageslayers
246,wbo4958
253,gerashegalov
254,KazukiOnodera
258,titericz
261,PointKernel
276,dominicshanshan
279,wence-
293,arpan-das-astrophysics
303,kkraus14
307,alextxu
314,dagardner-nv
319,honno
325,hyperbolic2346
330,AdamKorcz
338,GregoryKimball
339,trivialfis
341,HaoYang670
353,upsj
358,eriknw
359,parkerzf
364,dawilliams-nvidia
367,Ullar-Kask
369,mattf
375,rjzamora
401,sameerz
411,csadorf
416,infzo
444,sokol11
446,JacoCheung
451,lvxhnat
507,kijeungchoi
509,vaceslav
514,mroeschke
516,oliverholworthy
522,stucash
532,alexbarghi-nv
538,Rridley7
546,thomcom
547,FilippoSimini
559,divyegala
560,justkrismanohar
572,jarmak-nv
578,gucasbrg
591,paleolimbot
592,gaohao95
606,Ploverain
630,rohanpaul14855
638,etseidl
658,aocsa
660,shrshi
661,marcimarc1
664,lidavidm
666,weedge
690,kolfild26
711,rbavery
715,sapcode
717,henryzhangpku
719,tx2002
721,paulsbrookes
723,Vortexx2
724,loewenm
727,harrism
730,notwopr
731,jacobtomlinson
739,seberg
742,zeroshade
743,pvnick
755,amanlai
757,MarcoGorelli
779,sarahyurick
785,blue-cat-whale
790,nurmanmus
804,gm3g11
806,raybellwaves
818,reinzler
821,pmixer
824,tgujar
838,betatim
839,er-eis
842,shriramch
844,AjayThorve
849,Rhett-Ying
850,NVnavkumar
860,mhaseeb123
869,lithomas1
